{"cameraMode":{"drawMode":0,"name":"Shaded","section":"Shading Mode"},"sceneLighting":false,"audioPlay":false,"sceneViewState":{"showFog":true,"showMaterialUpdate":false,"showSkybox":true,"showFlares":true,"showImageEffects":true,"showParticleSystems":true},"in2DMode":false,"pivot":{"x":581.3037719726563,"y":345.0309143066406,"z":-233.76519775390626},"rotation":{"x":-0.13890065252780915,"y":0.3196870684623718,"z":-0.04743644595146179,"w":-0.9360858201980591},"size":184.54678344726563,"orthographic":false}